pseudo,mot_de_passe

olivier,oliviermdp

matthis,matthismdp

justin,justinmdp

quentin,quentinmdp

patoche,patochemdp
pablo,pablomdp
admin,adminmdp
